{
  "corpus": "experiments/corpus/phase2_n150_20260628.jsonl",
  "self_model": "anthropic/claude-opus-4.8",
  "models": [
    "anthropic/claude-opus-4.8",
    "anthropic/claude-sonnet-4.6",
    "openai/gpt-5.5",
    "openai/gpt-5.4",
    "deepseek/deepseek-v3.2",
    "x-ai/grok-4.20"
  ],
  "generated": "2026-07-12T13:06:49.653227+00:00",
  "judged": 547,
  "per_model": {
    "anthropic/claude-opus-4.8": {
      "acrostic": {
        "youden_j": 0.06765765765765766,
        "ci": [
          0.00110181186714315,
          0.12892553259151893
        ],
        "fpr": 0.006666666666666667,
        "tp": 11,
        "fn": 137,
        "fp": 1,
        "tn": 149,
        "empty": 2,
        "unparsed": 0,
        "n": 300
      },
      "narrative_positional": {
        "youden_j": 0.9328859060402684,
        "ci": [
          0.8557465635658326,
          0.9673494239952675
        ],
        "fpr": 0.0,
        "tp": 139,
        "fn": 10,
        "fp": 0,
        "tn": 150,
        "empty": 1,
        "unparsed": 0,
        "n": 300
      },
      "sentence_length": {
        "youden_j": 0.029411764705882353,
        "ci": [
          -0.01818562330367995,
          0.08355334185835596
        ],
        "fpr": 0.0,
        "tp": 3,
        "fn": 99,
        "fp": 0,
        "tn": 150,
        "empty": 48,
        "unparsed": 0,
        "n": 300
      },
      "synonym": {
        "youden_j": 0.6123809523809524,
        "ci": [
          0.4987980496107959,
          0.6976439422205527
        ],
        "fpr": 0.006666666666666667,
        "tp": 91,
        "fn": 56,
        "fp": 1,
        "tn": 149,
        "empty": 0,
        "unparsed": 0,
        "n": 297
      },
      "pooled": {
        "youden_j": 0.44355311355311355,
        "ci": [
          0.39266527788569483,
          0.4892926173053161
        ],
        "fpr": 0.0033333333333333335,
        "tp": 244,
        "fn": 302,
        "fp": 2,
        "tn": 598,
        "empty": 51,
        "unparsed": 0,
        "n": 1197
      }
    },
    "anthropic/claude-sonnet-4.6": {
      "acrostic": {
        "youden_j": 0.18243243243243243,
        "ci": [
          0.09950826268090031,
          0.2542169848649579
        ],
        "fpr": 0.0,
        "tp": 27,
        "fn": 121,
        "fp": 0,
        "tn": 150,
        "empty": 2,
        "unparsed": 0,
        "n": 300
      },
      "narrative_positional": {
        "youden_j": 0.9,
        "ci": [
          0.8161395177063144,
          0.9429425651637531
        ],
        "fpr": 0.0,
        "tp": 135,
        "fn": 15,
        "fp": 0,
        "tn": 150,
        "empty": 0,
        "unparsed": 0,
        "n": 300
      },
      "sentence_length": {
        "youden_j": 0.016129032258064516,
        "ci": [
          -0.0223332930091914,
          0.057048972138647326
        ],
        "fpr": 0.0,
        "tp": 2,
        "fn": 122,
        "fp": 0,
        "tn": 150,
        "empty": 26,
        "unparsed": 0,
        "n": 300
      },
      "synonym": {
        "youden_j": 0.7891156462585034,
        "ci": [
          0.6899304201856651,
          0.8519904361130444
        ],
        "fpr": 0.0,
        "tp": 116,
        "fn": 31,
        "fp": 0,
        "tn": 150,
        "empty": 0,
        "unparsed": 0,
        "n": 297
      },
      "pooled": {
        "youden_j": 0.492091388400703,
        "ci": [
          0.44413849724640275,
          0.5339975111577959
        ],
        "fpr": 0.0,
        "tp": 280,
        "fn": 289,
        "fp": 0,
        "tn": 600,
        "empty": 28,
        "unparsed": 0,
        "n": 1197
      }
    },
    "openai/gpt-5.5": {
      "acrostic": {
        "youden_j": 0.7533333333333334,
        "ci": [
          0.6433895487553742,
          0.8301559220070956
        ],
        "fpr": 0.013333333333333334,
        "tp": 115,
        "fn": 35,
        "fp": 2,
        "tn": 148,
        "empty": 0,
        "unparsed": 0,
        "n": 300
      },
      "narrative_positional": {
        "youden_j": 0.9866666666666667,
        "ci": [
          0.928374383337556,
          0.9983811729701603
        ],
        "fpr": 0.013333333333333334,
        "tp": 150,
        "fn": 0,
        "fp": 2,
        "tn": 148,
        "empty": 0,
        "unparsed": 0,
        "n": 300
      },
      "sentence_length": {
        "youden_j": 0.4,
        "ci": [
          0.29070514603668385,
          0.48963866511654053
        ],
        "fpr": 0.006666666666666667,
        "tp": 61,
        "fn": 89,
        "fp": 1,
        "tn": 149,
        "empty": 0,
        "unparsed": 0,
        "n": 300
      },
      "synonym": {
        "youden_j": 0.9523809523809523,
        "ci": [
          0.8800565126008468,
          0.9806430620864004
        ],
        "fpr": 0.0,
        "tp": 140,
        "fn": 7,
        "fp": 0,
        "tn": 150,
        "empty": 0,
        "unparsed": 0,
        "n": 297
      },
      "pooled": {
        "youden_j": 0.7722361809045226,
        "ci": [
          0.7258474635720055,
          0.8104376594615503
        ],
        "fpr": 0.008333333333333333,
        "tp": 466,
        "fn": 131,
        "fp": 5,
        "tn": 595,
        "empty": 0,
        "unparsed": 0,
        "n": 1197
      }
    },
    "openai/gpt-5.4": {
      "acrostic": {
        "youden_j": 0.05333333333333334,
        "ci": [
          -0.000988786969638538,
          0.10238189602332377
        ],
        "fpr": 0.0,
        "tp": 8,
        "fn": 142,
        "fp": 0,
        "tn": 150,
        "empty": 0,
        "unparsed": 0,
        "n": 300
      },
      "narrative_positional": {
        "youden_j": 0.92,
        "ci": [
          0.8401335126212524,
          0.9579797352998276
        ],
        "fpr": 0.0,
        "tp": 138,
        "fn": 12,
        "fp": 0,
        "tn": 150,
        "empty": 0,
        "unparsed": 0,
        "n": 300
      },
      "sentence_length": {
        "youden_j": 0.02,
        "ci": [
          -0.02014897188488799,
          0.05733422228820578
        ],
        "fpr": 0.0,
        "tp": 3,
        "fn": 147,
        "fp": 0,
        "tn": 150,
        "empty": 0,
        "unparsed": 0,
        "n": 300
      },
      "synonym": {
        "youden_j": 0.3469387755102041,
        "ci": [
          0.24611361407268406,
          0.42977951142761545
        ],
        "fpr": 0.0,
        "tp": 51,
        "fn": 96,
        "fp": 0,
        "tn": 150,
        "empty": 0,
        "unparsed": 0,
        "n": 297
      },
      "pooled": {
        "youden_j": 0.33500837520938026,
        "ci": [
          0.2910769529142966,
          0.37445269382832697
        ],
        "fpr": 0.0,
        "tp": 200,
        "fn": 397,
        "fp": 0,
        "tn": 600,
        "empty": 0,
        "unparsed": 0,
        "n": 1197
      }
    },
    "deepseek/deepseek-v3.2": {
      "acrostic": {
        "youden_j": 0.4466666666666667,
        "ci": [
          0.3014686693276472,
          0.5734411181521225
        ],
        "fpr": 0.11333333333333333,
        "tp": 84,
        "fn": 66,
        "fp": 17,
        "tn": 133,
        "empty": 0,
        "unparsed": 0,
        "n": 300
      },
      "narrative_positional": {
        "youden_j": 0.9133333333333333,
        "ci": [
          0.8222906033088851,
          0.9648874758075358
        ],
        "fpr": 0.06,
        "tp": 146,
        "fn": 4,
        "fp": 9,
        "tn": 141,
        "empty": 0,
        "unparsed": 0,
        "n": 300
      },
      "sentence_length": {
        "youden_j": 0.9133333333333333,
        "ci": [
          0.8211863202940047,
          0.9662159092505245
        ],
        "fpr": 0.04666666666666667,
        "tp": 144,
        "fn": 6,
        "fp": 7,
        "tn": 143,
        "empty": 0,
        "unparsed": 0,
        "n": 300
      },
      "synonym": {
        "youden_j": 0.5993197278911565,
        "ci": [
          0.47319548220325514,
          0.6996646312345839
        ],