{
  "mode": "live",
  "n": 30,
  "cells": {
    "perplexity": {
      "youden_j": 0.9333333333333333,
      "ci": [
        0.6635612902550103,
        0.9918218655393437
      ],
      "tp": 30,
      "fn": 0,
      "fp": 2,
      "tn": 28,
      "empty": 0,
      "unparsed": 0,
      "baseline_target_J": 0.58
    },
    "naive": {
      "youden_j": 0.0,
      "ci": [
        -0.11570330822202778,
        0.11570330822202778
      ],
      "tp": 0,
      "fn": 30,
      "fp": 0,
      "tn": 30,
      "empty": 0,
      "unparsed": 0,
      "baseline_target_J": 0.0
    }
  }
}