{
  "mode": "live",
  "n": 30,
  "youden_j": 0.8333333333333334,
  "ci": [
    0.51397614800283,
    0.9707047285096211
  ],
  "tp": 28,
  "fn": 2,
  "fp": 3,
  "tn": 27,
  "empty": 0,
  "unparsed": 0,
  "baseline_target_J": 0.58
}