{
  "mode": "mock",
  "n": 30,
  "youden_j": 0.0,
  "ci": [
    -0.11570330822202778,
    0.11570330822202778
  ],
  "tp": 0,
  "fn": 30,
  "fp": 0,
  "tn": 30,
  "empty": 0,
  "unparsed": 0,
  "baseline_target_J": 0.58
}