{
  "corpus": "experiments/corpus/phase2_n150_20260628.jsonl",
  "self_model": "anthropic/claude-opus-4.8",
  "models": [
    "anthropic/claude-opus-4.8",
    "anthropic/claude-sonnet-4.6",
    "openai/gpt-5.5",
    "openai/gpt-5.4",
    "deepseek/deepseek-v3.2",
    "x-ai/grok-4.20"
  ],
  "generated": "2026-07-09T19:09:09.605712+00:00",
  "judged": 1197,
  "per_model": {
    "anthropic/claude-opus-4.8": {
      "acrostic": {
        "youden_j": 0.0,
        "ci": [
          -0.02429259716610854,
          0.02429259716610854
        ],
        "fpr": 0.0,
        "tp": 0,
        "fn": 150,
        "fp": 0,
        "tn": 150,
        "empty": 0,
        "unparsed": 0,
        "n": 300
      },
      "narrative_positional": {
        "youden_j": 0.0,
        "ci": [
          -0.02429259716610854,
          0.02429259716610854
        ],
        "fpr": 0.0,
        "tp": 0,
        "fn": 150,
        "fp": 0,
        "tn": 150,
        "empty": 0,
        "unparsed": 0,
        "n": 300
      },
      "sentence_length": {
        "youden_j": 0.0136986301369863,
        "ci": [
          -0.02262930277223013,
          0.048606616044754185
        ],
        "fpr": 0.0,
        "tp": 2,
        "fn": 144,
        "fp": 0,
        "tn": 150,
        "empty": 2,
        "unparsed": 2,
        "n": 300
      },
      "synonym": {
        "youden_j": 0.0,
        "ci": [
          -0.02429259716610854,
          0.024782170489580712
        ],
        "fpr": 0.0,
        "tp": 0,
        "fn": 147,
        "fp": 0,
        "tn": 150,
        "empty": 0,
        "unparsed": 0,
        "n": 297
      },
      "pooled": {
        "youden_j": 0.003372681281618887,
        "ci": [
          -0.005720562686203915,
          0.012129731335853452
        ],
        "fpr": 0.0,
        "tp": 2,
        "fn": 591,
        "fp": 0,
        "tn": 600,
        "empty": 2,
        "unparsed": 2,
        "n": 1197
      }
    },
    "anthropic/claude-sonnet-4.6": {
      "acrostic": {
        "youden_j": 0.02,
        "ci": [
          -0.02014897188488799,
          0.05733422228820578
        ],
        "fpr": 0.0,
        "tp": 3,
        "fn": 147,
        "fp": 0,
        "tn": 150,
        "empty": 0,
        "unparsed": 0,
        "n": 300
      },
      "narrative_positional": {
        "youden_j": 0.040268456375838924,
        "ci": [
          -0.009373666152988002,
          0.08558480916807211
        ],
        "fpr": 0.0,
        "tp": 6,
        "fn": 143,
        "fp": 0,
        "tn": 150,
        "empty": 1,
        "unparsed": 0,
        "n": 300
      },
      "sentence_length": {
        "youden_j": 0.043478260869565216,
        "ci": [
          -0.008172106611426606,
          0.09223051408016189
        ],
        "fpr": 0.0,
        "tp": 6,
        "fn": 132,
        "fp": 0,
        "tn": 150,
        "empty": 9,
        "unparsed": 3,
        "n": 300
      },
      "synonym": {
        "youden_j": 0.0,
        "ci": [
          -0.02429259716610854,
          0.024782170489580712
        ],
        "fpr": 0.0,
        "tp": 0,
        "fn": 147,
        "fp": 0,
        "tn": 150,
        "empty": 0,
        "unparsed": 0,
        "n": 297
      },
      "pooled": {
        "youden_j": 0.025684931506849314,
        "ci": [
          0.008316063644315566,
          0.04200994844283052
        ],
        "fpr": 0.0,
        "tp": 15,
        "fn": 569,
        "fp": 0,
        "tn": 600,
        "empty": 10,
        "unparsed": 3,
        "n": 1197
      }
    },
    "openai/gpt-5.5": {
      "acrostic": {
        "youden_j": 0.48,
        "ci": [
          0.37353056843573756,
          0.5629823888137149
        ],
        "fpr": 0.0,
        "tp": 72,
        "fn": 78,
        "fp": 0,
        "tn": 150,
        "empty": 0,
        "unparsed": 0,
        "n": 300
      },
      "narrative_positional": {
        "youden_j": 0.7866666666666666,
        "ci": [
          0.6881007802232268,
          0.8492697634871661
        ],
        "fpr": 0.0,
        "tp": 118,
        "fn": 32,
        "fp": 0,
        "tn": 150,
        "empty": 0,
        "unparsed": 0,
        "n": 300
      },
      "sentence_length": {
        "youden_j": 0.32,
        "ci": [
          0.22197691854631912,
          0.40100578566330813
        ],
        "fpr": 0.0,
        "tp": 48,
        "fn": 102,
        "fp": 0,
        "tn": 150,
        "empty": 0,
        "unparsed": 0,
        "n": 300
      },
      "synonym": {
        "youden_j": 0.5510204081632653,
        "ci": [
          0.4425928976088975,
          0.6330572974828513
        ],
        "fpr": 0.0,
        "tp": 81,
        "fn": 66,
        "fp": 0,
        "tn": 150,
        "empty": 0,
        "unparsed": 0,
        "n": 297
      },
      "pooled": {
        "youden_j": 0.5343383584589615,
        "ci": [
          0.4872725010462082,
          0.5749336835668455
        ],
        "fpr": 0.0,
        "tp": 319,
        "fn": 278,
        "fp": 0,
        "tn": 600,
        "empty": 0,
        "unparsed": 0,
        "n": 1197
      }
    },
    "openai/gpt-5.4": {
      "acrostic": {
        "youden_j": 0.11333333333333333,
        "ci": [
          0.043131542481800136,
          0.17524863866553708
        ],
        "fpr": 0.0,
        "tp": 17,
        "fn": 133,
        "fp": 0,
        "tn": 150,
        "empty": 0,
        "unparsed": 0,
        "n": 300
      },
      "narrative_positional": {
        "youden_j": 0.24666666666666667,
        "ci": [
          0.1557138881047339,
          0.3236100200889078
        ],
        "fpr": 0.0,
        "tp": 37,
        "fn": 113,
        "fp": 0,
        "tn": 150,
        "empty": 0,
        "unparsed": 0,
        "n": 300
      },
      "sentence_length": {
        "youden_j": 0.26,
        "ci": [
          0.16758322060084924,
          0.3378567206526616
        ],
        "fpr": 0.0,
        "tp": 39,
        "fn": 111,
        "fp": 0,
        "tn": 150,
        "empty": 0,
        "unparsed": 0,
        "n": 300
      },
      "synonym": {
        "youden_j": 0.1292517006802721,
        "ci": [
          0.055352509131753005,
          0.19446411135710304
        ],
        "fpr": 0.0,
        "tp": 19,
        "fn": 128,
        "fp": 0,
        "tn": 150,
        "empty": 0,
        "unparsed": 0,
        "n": 297
      },
      "pooled": {
        "youden_j": 0.18760469011725292,
        "ci": [
          0.1509312595769741,
          0.22127608491845208
        ],
        "fpr": 0.0,
        "tp": 112,
        "fn": 485,
        "fp": 0,
        "tn": 600,
        "empty": 0,
        "unparsed": 0,
        "n": 1197
      }
    },
    "deepseek/deepseek-v3.2": {
      "acrostic": {
        "youden_j": 0.0,
        "ci": [
          -0.02429259716610854,
          0.02429259716610854
        ],
        "fpr": 0.0,
        "tp": 0,
        "fn": 150,
        "fp": 0,
        "tn": 150,
        "empty": 0,
        "unparsed": 0,
        "n": 300
      },
      "narrative_positional": {
        "youden_j": 0.0,
        "ci": [
          -0.02429259716610854,
          0.02429259716610854
        ],
        "fpr": 0.0,
        "tp": 0,
        "fn": 150,
        "fp": 0,
        "tn": 150,
        "empty": 0,
        "unparsed": 0,
        "n": 300
      },
      "sentence_length": {
        "youden_j": 0.0,
        "ci": [
          -0.02429259716610854,
          0.02429259716610854
        ],
        "fpr": 0.0,
        "tp": 0,
        "fn": 150,
        "fp": 0,
        "tn": 150,
        "empty": 0,
        "unparsed": 0,
        "n": 300
      },
      "synonym": {
        "youden_j": 0.0,
        "ci": [
          -0.02429259716610854,
          0.024782170489580712
        ],
        "fpr": 0.0,
        "tp": 0,
        "fn": 147,
        "fp": 0,
        "tn": 150,
        "empty": 0,
        "unparsed": 0,
        "n": 297
      },
      "pooled": {
        "youden_j": 0.0,